city,state,country,address,phone number,email,full-time courses,part-time courses,url
Atlanta,Georgia,USA,"675 Ponce De Leon Avenue NE, 2nd FloorAtlanta, GA 30308",+1 (404) 334-7858,atlanta@generalassemb.ly,"Software Engineering Immersive, Data Science Immersive, User Experience Design Immersive","Product Management, Front End Web Development, JavaScript Development, Python Programming, React Development, Data Analytics, Data Science, User Experience Design, Visual Design, Digital Marketing",https://generalassemb.ly/locations/atlanta
Austin,Texas,USA,"600 Congress Avenue, 14th FloorAustin, TX 78701",+1 (512) 823-0359,austin@generalassemb.ly,"Software Engineering Immersive, Data Science Immersive, User Experience Design Immersive","Product Management, Front End Web Development, JavaScript Development, Python Programming, React Development, Data Analytics, Data Science, User Experience Design, Visual Design, Digital Marketing",https://generalassemb.ly/locations/austin
Boston,Massachusetts,USA,"125 Summer Street


13th FloorBoston, MA 02110",+1 (617) 207-6245,boston@generalassemb.ly,"Software Engineering Immersive, Data Science Immersive, User Experience Design Immersive","Product Management, Front End Web Development, JavaScript Development, Python Programming, React Development, Data Analytics, Data Science, User Experience Design, Visual Design, Digital Marketing",https://generalassemb.ly/locations/boston
Denver,Colorado,USA,"3858 Walnut StDenver, CO 80205",+1 (303) 963-9936,denver@generalassemb.ly,"Software Engineering Immersive, Data Science Immersive, User Experience Design Immersive","Product Management, Front End Web Development, JavaScript Development, Python Programming, React Development, Data Analytics, Data Science, User Experience Design, Visual Design, Digital Marketing",https://generalassemb.ly/locations/denver
Detroit,Michigan,USA,,+1 (917) 722-0237,detroit@generalassemb.ly,"Software Engineering Immersive, Data Science Immersive, User Experience Design Immersive","Product Management, Front End Web Development, JavaScript Development, Python Programming, React Development, Data Analytics, Data Science, User Experience Design, Visual Design, Digital Marketing",https://generalassemb.ly/locations/detroit
Houston,Texas,USA,,,houston@generalassemb.ly,"Software Engineering Immersive, Data Science Immersive, User Experience Design Immersive","Product Management, Front End Web Development, JavaScript Development, Python Programming, React Development, Data Analytics, Data Science, User Experience Design, Visual Design, Digital Marketing",https://generalassemb.ly/locations/houston
Los Angeles,California,USA,"360 E. 2nd Street, Suite 400Los Angeles, CA 90012",+1 (213) 263-4147,la@generalassemb.ly,"Software Engineering Immersive, Data Science Immersive, User Experience Design Immersive","Product Management, Front End Web Development, JavaScript Development, Python Programming, React Development, Data Analytics, Data Science, User Experience Design, Visual Design, Digital Marketing",https://generalassemb.ly/locations/los-angeles
Louisville,Kentucky,USA,,+1 (917) 722-0237,louisville@generalassemb.ly,"Software Engineering Immersive, Data Science Immersive, User Experience Design Immersive","Product Management, Front End Web Development, JavaScript Development, Python Programming, React Development, Data Analytics, Data Science, User Experience Design, Visual Design, Digital Marketing",https://generalassemb.ly/locations/louisville
Miami,Florida,USA,,+1 (917) 722-0237,miami@generalassemb.ly,"Software Engineering Immersive, Data Science Immersive, User Experience Design Immersive","Product Management, Front End Web Development, JavaScript Development, Python Programming, React Development, Data Analytics, Data Science, User Experience Design, Visual Design, Digital Marketing",https://generalassemb.ly/locations/miami
Minneapolis,Minnesota,USA,,+1 (917) 722-0237,minneapolis@generalassemb.ly,"Software Engineering Immersive, Data Science Immersive, User Experience Design Immersive","Product Management, Front End Web Development, JavaScript Development, Python Programming, React Development, Data Analytics, Data Science, User Experience Design, Visual Design, Digital Marketing",https://generalassemb.ly/locations/minneapolis
Nashville,Tennessee,USA,,+1 (917) 722-0237,nashville@generalassemb.ly,"Software Engineering Immersive, Data Science Immersive, User Experience Design Immersive","Product Management, Front End Web Development, JavaScript Development, Python Programming, React Development, Data Analytics, Data Science, User Experience Design, Visual Design, Digital Marketing",https://generalassemb.ly/locations/nashville
New York City,New York,USA,"10 East 21st StreetNew York, NY 10010",+1 (917) 722-0237,newyork@generalassemb.ly,"Software Engineering Immersive, Data Science Immersive, User Experience Design Immersive","Product Management, Front End Web Development, JavaScript Development, Python Programming, React Development, Data Analytics, Data Science, User Experience Design, Visual Design, Digital Marketing",https://generalassemb.ly/locations/new-york-city
Orlando,Florida,USA,,,orlando@generalassemb.ly,"Software Engineering Immersive, Data Science Immersive, User Experience Design Immersive","Product Management, Front End Web Development, JavaScript Development, Python Programming, React Development, Data Analytics, Data Science, User Experience Design, Visual Design, Digital Marketing",https://generalassemb.ly/locations/orlando
Phoenix,Arizona,USA,,,phoenix@generalassemb.ly,"Software Engineering Immersive, Data Science Immersive, User Experience Design Immersive","Product Management, Front End Web Development, JavaScript Development, Python Programming, React Development, Data Analytics, Data Science, User Experience Design, Visual Design, Digital Marketing",https://generalassemb.ly/locations/phoenix
Raleigh,North Carolina,USA,,+1 (917) 722-0237,raleigh@generalassemb.ly,"Software Engineering Immersive, Data Science Immersive, User Experience Design Immersive","Product Management, Front End Web Development, JavaScript Development, Python Programming, React Development, Data Analytics, Data Science, User Experience Design, Visual Design, Digital Marketing",https://generalassemb.ly/locations/raleigh
Salt Lake City,Utah,USA,,+1 (202) 525-8500,slc@generalassemb.ly,"Software Engineering Immersive, Data Science Immersive, User Experience Design Immersive","Product Management, Front End Web Development, JavaScript Development, Python Programming, React Development, Data Analytics, Data Science, User Experience Design, Visual Design, Digital Marketing",https://generalassemb.ly/locations/salt-lake-city
San Diego,California,USA,,+1 (213) 263-4147,sandiego@generalassemb.ly,"Software Engineering Immersive, Data Science Immersive, User Experience Design Immersive","Product Management, Front End Web Development, JavaScript Development, Python Programming, React Development, Data Analytics, Data Science, User Experience Design, Visual Design, Digital Marketing",https://generalassemb.ly/locations/san-diego
San Francisco,California,USA,"225 Bush Street, 5th Floor (East Entrance)San Francisco, CA 94104",+1 (415) 592-6885,sf@generalassemb.ly,"Software Engineering Immersive, Data Science Immersive, User Experience Design Immersive","Product Management, Front End Web Development, JavaScript Development, Python Programming, React Development, Data Analytics, Data Science, User Experience Design, Visual Design, Digital Marketing",https://generalassemb.ly/locations/san-francisco
Seattle,Washington,USA,"1218 Third Avenue, 3rd FloorSeattle, WA 98101",+1 (206) 258-7033,seattle@generalassemb.ly,"Software Engineering Immersive, Data Science Immersive, User Experience Design Immersive","Product Management, Front End Web Development, JavaScript Development, Python Programming, React Development, Data Analytics, Data Science, User Experience Design, Visual Design, Digital Marketing",https://generalassemb.ly/locations/seattle
St Louis,Missouri,USA,,+1 (917) 722-0237,stlouis@generalassemb.ly,"Software Engineering Immersive, Data Science Immersive, User Experience Design Immersive","Product Management, Front End Web Development, JavaScript Development, Python Programming, React Development, Data Analytics, Data Science, User Experience Design, Visual Design, Digital Marketing",https://generalassemb.ly/locations/st-louis
Tampa,Florida,USA,,+1 (917) 722-0237,tampa@generalassemb.ly,"Software Engineering Immersive, Data Science Immersive, User Experience Design Immersive","Product Management, Front End Web Development, JavaScript Development, Python Programming, React Development, Data Analytics, Data Science, User Experience Design, Visual Design, Digital Marketing",https://generalassemb.ly/locations/tampa
Washington DC,District of Columbia,USA,"509 7th Street NW, 3rd FloorWashington, D.C. 20004",+1 (202) 517-1777,dc@generalassemb.ly,"Software Engineering Immersive, Data Science Immersive, User Experience Design Immersive","Product Management, Front End Web Development, JavaScript Development, Python Programming, React Development, Data Analytics, Data Science, User Experience Design, Visual Design, Digital Marketing",https://generalassemb.ly/locations/washington-dc
Toronto,,Canada,Online Live (Current) via Zoom,+1 (647) 696-1039,toronto@generalassemb.ly,"Software Engineering Immersive, Data Science Immersive, User Experience Design Immersive","Product Management, Front End Web Development, JavaScript Development, Python Programming, React Development, Data Analytics, Data Science, User Experience Design, Visual Design, Digital Marketing",https://generalassemb.ly/locations/toronto
Edinburgh,,United Kingdom,OnlineOnline,+442033089506,edinburgh@generalassemb.ly,"Software Engineering Immersive, Data Science Immersive, User Experience Design Immersive","Product Management, Front End Web Development, JavaScript Development, Python Programming, React Development, Data Analytics, Data Science, User Experience Design, Visual Design, Digital Marketing",https://generalassemb.ly/locations/edinburgh
London,,United Kingdom,Online ClassLivestream,+44 2033089506,london@generalassemb.ly,"Software Engineering Immersive, Data Science Immersive, User Experience Design Immersive","Product Management, Front End Web Development, JavaScript Development, Python Programming, React Development, Data Analytics, Data Science, User Experience Design, Visual Design, Digital Marketing",https://generalassemb.ly/locations/london
Manchester,,United Kingdom,OnlineOnline,+442033089506,manchester@generalassemb.ly,"Software Engineering Immersive, Data Science Immersive, User Experience Design Immersive","Product Management, Front End Web Development, JavaScript Development, Python Programming, React Development, Data Analytics, Data Science, User Experience Design, Visual Design, Digital Marketing",https://generalassemb.ly/locations/manchester
Paris,,France,"3 rue de RossiniParis, 75009",+33 1 88 24 42 51,paris@ga.co,"Software Engineering Immersive, Data Science Immersive, User Experience Design Immersive","Product Management, Front End Web Development, JavaScript Development, Python Programming, React Development, Data Analytics, Data Science, User Experience Design, Visual Design, Digital Marketing",https://generalassemb.ly/locations/paris
Tanjong Pagar,,Singapore,"Level 20. 79 Anson RoadSingapore, 079906",+65 31589593,singapore@generalassemb.ly,"Software Engineering Immersive, Data Science Immersive, User Experience Design Immersive, Digital Marketing Immersive","Product Management, Front End Web Development, JavaScript Development, Python Programming, React Development, Data Analytics, Data Science, User Experience Design, Visual Design, Digital Marketing",https://generalassemb.ly/locations/singapore/tanjong-pagar
Adelaide,,Australia,,+612 8318 2912,adelaide@generalassemb.ly,"Software Engineering Immersive, Data Science Immersive, User Experience Design Immersive","Product Management, Front End Web Development, JavaScript Development, Python Programming, React Development, Data Analytics, Data Science, User Experience Design, Visual Design, Digital Marketing",https://generalassemb.ly/locations/adelaide
Brisbane,,Australia,,+612 8318 2912,brisbane@generalassemb.ly,"Software Engineering Immersive, Data Science Immersive, User Experience Design Immersive","Product Management, Front End Web Development, JavaScript Development, Python Programming, React Development, Data Analytics, Data Science, User Experience Design, Visual Design, Digital Marketing",https://generalassemb.ly/locations/brisbane
Melbourne,,Australia,"12A, 45 William StreetMelbourne, Australia 3000",+61 (03) 8592 7303,melbourne@generalassemb.ly,"Software Engineering Immersive, Data Science Immersive, User Experience Design Immersive","Product Management, Front End Web Development, JavaScript Development, Python Programming, React Development, Data Analytics, Data Science, User Experience Design, Visual Design, Digital Marketing",https://generalassemb.ly/locations/melbourne
Sydney,,Australia,"1 Market Street, Podium Building (entry via Kent Street, to the red-brick building, next to My Lua)Sydney, NSW 2000",+612 8318 2912,sydney@generalassemb.ly,"Software Engineering Immersive, Data Science Immersive, User Experience Design Immersive","Product Management, Front End Web Development, JavaScript Development, Python Programming, React Development, Data Analytics, Data Science, User Experience Design, Visual Design, Digital Marketing",https://generalassemb.ly/locations/sydney
